metric,value
rmse_m,0.05113469483373434
mean_abs_error_m,0.02682705723399782
max_abs_error_m,0.1996412953349727
